ID,URL,Title,Duration (minutes),Status,Audio Path
s9HROLQgAdA,https://www.youtube.com/watch?v=s9HROLQgAdA,Le√ßon 38 : Etude des r√®gles grammaticale en langue fongbe du B√©nin,10.58,success,Audios/s9HROLQgAdA.mp3
RTlbP7O_hyM,https://www.youtube.com/watch?v=RTlbP7O_hyM,Le√ßon 37 : Etude des consonnes en langue fongbe,10.63,success,Audios/RTlbP7O_hyM.mp3
hmDsQLP-xU0,https://www.youtube.com/watch?v=hmDsQLP-xU0,Le√ßon 36 : La consonne r en fongbe,8.67,success,Audios/hmDsQLP-xU0.mp3
iMN9RaxCRXo,https://www.youtube.com/watch?v=iMN9RaxCRXo,Le√ßon 35 : Etude de la consonne P en langue fongbe,9.02,success,Audios/iMN9RaxCRXo.mp3
Rfpw5VMJhjg,https://www.youtube.com/watch?v=Rfpw5VMJhjg,Le√ßon 34 : Etude des r√®gles d'orthographe en fon,12.37,success,Audios/Rfpw5VMJhjg.mp3
K7O9tfrh9CA,https://www.youtube.com/watch?v=K7O9tfrh9CA,Le√ßon 33 : Etude de la lettre Z en langue fongbe,7.48,success,Audios/K7O9tfrh9CA.mp3
9vOslpndRQI,https://www.youtube.com/watch?v=9vOslpndRQI,Le√ßon 32 : Etude la consonne nasale ny en langue fongbe,10.63,success,Audios/9vOslpndRQI.mp3
svUNqaRA_xw,https://www.youtube.com/watch?v=svUNqaRA_xw,Le√ßon 31 : Etude de la lettre F f en langue Fongbe du B√©nin,7.0,success,Audios/svUNqaRA_xw.mp3
w5X8TzZjCeE,https://www.youtube.com/watch?v=w5X8TzZjCeE,Le√ßon 30 : L'√©tude de la lettre J en langue fongbe du B√©nin,9.7,success,Audios/w5X8TzZjCeE.mp3
-Jq3LlPZ6wo,https://www.youtube.com/watch?v=-Jq3LlPZ6wo,Le√ßon 29 : Etude de la consonne S en langue fon du B√©nin,11.6,success,Audios/-Jq3LlPZ6wo.mp3
_MXakPWnYj0,https://www.youtube.com/watch?v=_MXakPWnYj0,Le√ßon 28 : La Labialisation en fongbe,13.9,success,Audios/_MXakPWnYj0.mp3
wfR6zNGGMVc,https://www.youtube.com/watch?v=wfR6zNGGMVc,Le√ßon 26 : Etude de la consonne H en fongbe,9.28,success,Audios/wfR6zNGGMVc.mp3
_smEgMBbtgo,https://www.youtube.com/watch?v=_smEgMBbtgo,Le√ßon 25 : Etude de la lettre C en fongbe,9.2,success,Audios/_smEgMBbtgo.mp3
bfwWrqOlUH4,https://www.youtube.com/watch?v=bfwWrqOlUH4,Le√ßon 24 Etude de la lettre K en fongbe,10.53,success,Audios/bfwWrqOlUH4.mp3
vUIVbFf63Bk,https://www.youtube.com/watch?v=vUIVbFf63Bk,Le√ßon 23 : Etude de la consonne V dans Tavo,10.0,success,Audios/vUIVbFf63Bk.mp3
QO9a0CXhXFI,https://www.youtube.com/watch?v=QO9a0CXhXFI,Le√ßon 22,14.38,success,Audios/QO9a0CXhXFI.mp3
c5xLnjs_9Sg,https://www.youtube.com/watch?v=c5xLnjs_9Sg,Le√ßon 20 : Etude des consonnes en langue fon cas de GBL,12.33,success,Audios/c5xLnjs_9Sg.mp3
0PXWKCaxP-0,https://www.youtube.com/watch?v=0PXWKCaxP-0,Le√ßon 19 : Etude de la combinaison des consonnes gl en langue fon,9.48,success,Audios/0PXWKCaxP-0.mp3
u0unAWZTEKI,https://www.youtube.com/watch?v=u0unAWZTEKI,Le√ßon 18 : Etude de la combinaison des consonnes BL en fongbe,9.85,success,Audios/u0unAWZTEKI.mp3
y8lcYDq0FTY,https://www.youtube.com/watch?v=y8lcYDq0FTY,Le√ßon17 : Etude de la consonne G g en langue fongbe,9.98,success,Audios/y8lcYDq0FTY.mp3
L0bIGWUVTxw,https://www.youtube.com/watch?v=L0bIGWUVTxw,Le√ßon 16 : Etude de la consonne Y y en langue Fongbe,8.97,success,Audios/L0bIGWUVTxw.mp3
dNJn63zS3FU,https://www.youtube.com/watch?v=dNJn63zS3FU,Le√ßon 15 : Etude de la consonne M m en langue fongbe,12.25,success,Audios/dNJn63zS3FU.mp3
e_SfLQSigT0,https://www.youtube.com/watch?v=e_SfLQSigT0,le√ßon 15 : Etude de la consonne M m en langue fongbe,15.0,success,Audios/e_SfLQSigT0.mp3
lzQlV75V6vw,https://www.youtube.com/watch?v=lzQlV75V6vw,Le√ßon 14: Etude de la consonne X en langue fongbe,10.7,success,Audios/lzQlV75V6vw.mp3
BR7cGw4r9Dc,https://www.youtube.com/watch?v=BR7cGw4r9Dc,Le√ßon 13 : Etude de la consonne KP en fongbe,10.82,success,Audios/BR7cGw4r9Dc.mp3
p27z9kiKUE0,https://www.youtube.com/watch?v=p27z9kiKUE0,Le√ßon 12 : Etude de la consonne T t en langue fongbe du B√©nin,12.62,success,Audios/p27z9kiKUE0.mp3
v9xQb3cvKYc,https://www.youtube.com/watch?v=v9xQb3cvKYc,Le√ßon 11 : Etude de la consonne nasale N n dans le mot AnaÃånuÃÅ,15.05,success,Audios/v9xQb3cvKYc.mp3
qeyhRbrttHk,https://www.youtube.com/watch?v=qeyhRbrttHk,Le√ßon 10 : Etude de la consonne B b dans le mot Ab…î,11.07,success,Audios/qeyhRbrttHk.mp3
T-cLv4r-rG0,https://www.youtube.com/watch?v=T-cLv4r-rG0,Le√ßon 9 : L'√©tude de la consonne …ñ ∆â en langue fon,11.2,success,Audios/T-cLv4r-rG0.mp3
OApPFBDSAAw,https://www.youtube.com/watch?v=OApPFBDSAAw,Le√ßon 8 : Etude de la consonne L dans le mot …ël…ë,11.9,success,Audios/OApPFBDSAAw.mp3
LdZMXH5Iwhc,https://www.youtube.com/watch?v=LdZMXH5Iwhc,Le√ßon 7 : Etude de la consonne W dans le awu,13.87,success,Audios/LdZMXH5Iwhc.mp3
6jAtvV_LvB8,https://www.youtube.com/watch?v=6jAtvV_LvB8,"Le√ßon 6 : Les consonnes en langue fon (GB, gb √©tudi√© dans le mot agbad√©)",13.78,success,Audios/6jAtvV_LvB8.mp3
CydIXd-lPlw,https://www.youtube.com/watch?v=CydIXd-lPlw,"Le√ßon 5 : Etude de la consonne D, d",10.32,success,Audios/CydIXd-lPlw.mp3
nP4NPmJegos,https://www.youtube.com/watch?v=nP4NPmJegos,Le√ßon 4 : Les voyelles allong√©es en langue fongbe,10.47,success,Audios/nP4NPmJegos.mp3
4Zps7mzcRBE,https://www.youtube.com/watch?v=4Zps7mzcRBE,Le√ßon 3 : Les voyelles nasales en fon,10.7,success,Audios/4Zps7mzcRBE.mp3
PipUD_Vus3U,https://www.youtube.com/watch?v=PipUD_Vus3U,Le√ßon 2 : Les voyelles simples en fon,11.08,success,Audios/PipUD_Vus3U.mp3
xkDz90TPI3M,https://www.youtube.com/watch?v=xkDz90TPI3M,Le√ßon 1: Les tons en langue fongbe,9.85,success,Audios/xkDz90TPI3M.mp3
8vF-6D6Lakc,https://www.youtube.com/watch?v=8vF-6D6Lakc,ELIFAZ - CHANTONS LES MAUX DE NOS MALADES (HUMOUR 229),5.02,success,Audios/8vF-6D6Lakc.mp3
wpQ7bdqtMXs,https://www.youtube.com/watch?v=wpQ7bdqtMXs,ELIFAZ - LES LARMES BLANCHES (HUMOUR 229),3.33,success,Audios/wpQ7bdqtMXs.mp3
7ZaCViDs7k0,https://www.youtube.com/watch?v=7ZaCViDs7k0,ELIFAZ - DESTIN CROISE (HUMOUR 229),6.33,success,Audios/7ZaCViDs7k0.mp3
DePtVjd7Dns,https://www.youtube.com/watch?v=DePtVjd7Dns,ELIFAZ - LA COQ ET LES TRANSHUMANCES (Guest star VIEUX CA√èMAN),3.35,success,Audios/DePtVjd7Dns.mp3
sSCeFyEXe3c,https://www.youtube.com/watch?v=sSCeFyEXe3c,ELIFAZ - MA PRI√àRE (HUMOUR 229),3.9,success,Audios/sSCeFyEXe3c.mp3
Kmcr4x58rMI,https://www.youtube.com/watch?v=Kmcr4x58rMI,ELIFAZ - MISIKI,3.02,success,Audios/Kmcr4x58rMI.mp3
cD03P2u4pLg,https://www.youtube.com/watch?v=cD03P2u4pLg,ELIFAZ - PPPP: ON GAGNE OU ON PLEURE (Guest Star PIPI WOBAHO),5.63,success,Audios/cD03P2u4pLg.mp3
NjHyudJcouM,https://www.youtube.com/watch?v=NjHyudJcouM,ELIFAZ - SCORPION KPANMAN (HUMOUR 229),4.83,success,Audios/NjHyudJcouM.mp3
DwicVOJeCfM,https://www.youtube.com/watch?v=DwicVOJeCfM,COURSE DE PROXIMIT√â 2020 (LE BOUC BLANC S'EXPRIME),4.08,success,Audios/DwicVOJeCfM.mp3
L0V0tQphgU8,https://www.youtube.com/watch?v=L0V0tQphgU8,ELIFAZ - LA FAIM ET LE BOUC BLANC (HUMOUR 229),3.9,success,Audios/L0V0tQphgU8.mp3
Qfp9C0mNKzg,https://www.youtube.com/watch?v=Qfp9C0mNKzg,Elifaz - R√âVEILLON St BOB (Guest star: Polycarpe deJ√©sus),3.95,success,Audios/Qfp9C0mNKzg.mp3
On83UWu_vqo,https://www.youtube.com/watch?v=On83UWu_vqo,ELIFAZ - SAMOURA√è ANGI CHOU,3.57,success,Audios/On83UWu_vqo.mp3
dpRbFz9UOY8,https://www.youtube.com/watch?v=dpRbFz9UOY8,ELIFAZ - SANDWICH A LA BAD GEORGY,3.17,success,Audios/dpRbFz9UOY8.mp3
idsCgnJ5iek,https://www.youtube.com/watch?v=idsCgnJ5iek,ELIFAZ - AGONE SUR PILOTIS,2.9,success,Audios/idsCgnJ5iek.mp3
6w0jTz78CeM,https://www.youtube.com/watch?v=6w0jTz78CeM,ELIFAZ - UNE PETITE VIS,3.67,success,Audios/6w0jTz78CeM.mp3
s2ZbmvqRfa4,https://www.youtube.com/watch?v=s2ZbmvqRfa4,ELIFAZ - CAVALIER PIERRE (Fran√ßais),3.17,success,Audios/s2ZbmvqRfa4.mp3
40DjAmK9zzQ,https://www.youtube.com/watch?v=40DjAmK9zzQ,Elifaz - FC BARCELONE PERD RAKOUPA,2.7,success,Audios/40DjAmK9zzQ.mp3
FvlVjFDJZ1E,https://www.youtube.com/watch?v=FvlVjFDJZ1E,ELIFAZ - MOTIVONS LE COUREUR,3.28,success,Audios/FvlVjFDJZ1E.mp3
Lu49MGlV6zc,https://www.youtube.com/watch?v=Lu49MGlV6zc,LA GRANDE R√âUNION FAMILIALE (INVITATION DE PAPER MOUCHOR),2.2,success,Audios/Lu49MGlV6zc.mp3
4YNt7STP-Lk,https://www.youtube.com/watch?v=4YNt7STP-Lk,ELIFAZ - ARCHITECTE,2.15,success,Audios/4YNt7STP-Lk.mp3
nFZ_6Kb6EgU,https://www.youtube.com/watch?v=nFZ_6Kb6EgU,NANNAN ROUGE S'INVITE A LA GRANDE R√âUNION FAMILIALE,2.12,success,Audios/nFZ_6Kb6EgU.mp3
gz6KlygaDwE,https://www.youtube.com/watch?v=gz6KlygaDwE,LA GRANDE R√âUNION FAMILIALE 2,2.18,success,Audios/gz6KlygaDwE.mp3
NazGFDRaUAs,https://www.youtube.com/watch?v=NazGFDRaUAs,ELIFAZ - TH√âOR√àME DE B√àR√à RACHIDI,2.83,success,Audios/NazGFDRaUAs.mp3
0zr4l7ydNxg,https://www.youtube.com/watch?v=0zr4l7ydNxg,GRANDE R√âUNION FAMILIALE 2,0.53,success,Audios/0zr4l7ydNxg.mp3
kPJRdYAConE,https://www.youtube.com/watch?v=kPJRdYAConE,FOO √âVANGILE AU PUITS DE LA MORT (La Grande R√©union Familiale 2),2.9,success,Audios/kPJRdYAConE.mp3
x4LcrwNXDTY,https://www.youtube.com/watch?v=x4LcrwNXDTY,10% DE TANTIE CLOCLO ET FOO BALANCE (La Grande R√©union Familiale 2),3.67,success,Audios/x4LcrwNXDTY.mp3
81U3_gIuSXI,https://www.youtube.com/watch?v=81U3_gIuSXI,ELIFAZ : D√âBAT AVEC LE CHEF DE FAMILLE (LA GRANDE R√âUNION FAMILIALE 2),3.52,success,Audios/81U3_gIuSXI.mp3
22jWk_62xzM,https://www.youtube.com/watch?v=22jWk_62xzM,LE DERNIER MIRACLE DE BAD GEORGY (LA GRANDE REUNION FAMILIALE2),2.18,success,Audios/22jWk_62xzM.mp3
rMXZIP11yw4,https://www.youtube.com/watch?v=rMXZIP11yw4,ELIFAZ - LA PROMESSE EST UNE...,4.25,success,Audios/rMXZIP11yw4.mp3
v4wsELH6cPQ,https://www.youtube.com/watch?v=v4wsELH6cPQ,LE CANDIDAT PIPI WOBAHO NOUS DONNE RENDEZ-VOUS POUR LE 14 NOVEMBRE 2020,1.62,success,Audios/v4wsELH6cPQ.mp3
sV5JLg7aL1o,https://www.youtube.com/watch?v=sV5JLg7aL1o,DIAMANT SERVICE IMMOBILIER,2.87,success,Audios/sV5JLg7aL1o.mp3
Lsq4gkhxEYY,https://www.youtube.com/watch?v=Lsq4gkhxEYY,ELIFAZ - LE TOURISTE,3.48,success,Audios/Lsq4gkhxEYY.mp3
mSVtgBvSm4A,https://www.youtube.com/watch?v=mSVtgBvSm4A,"39/40, C'EST BAD!",6.03,success,Audios/mSVtgBvSm4A.mp3
ARcbBlPfdAo,https://www.youtube.com/watch?v=ARcbBlPfdAo,RESURRECTION DE FOO EVANGILE (Guest LE PARISIEN),7.48,success,Audios/ARcbBlPfdAo.mp3
CEog1gI3je8,https://www.youtube.com/watch?v=CEog1gI3je8,ELIFAZ - VOEUX DU CHEF DE FAMILLE AUX AGONOIS 2021,2.2,success,Audios/CEog1gI3je8.mp3
WpUgtxeFUXM,https://www.youtube.com/watch?v=WpUgtxeFUXM,LA GRANDE COURSE AGONALE: CANDIDAT EPP,6.9,success,Audios/WpUgtxeFUXM.mp3
z44DGENG7ts,https://www.youtube.com/watch?v=z44DGENG7ts,LA GRANDE COURSE AGONALE: CANDIDAT UP,6.97,success,Audios/z44DGENG7ts.mp3
dGfuKXp-bRY,https://www.youtube.com/watch?v=dGfuKXp-bRY,LA GRANDE COURSE AGONALE: CANDIDAT PIN,7.62,success,Audios/dGfuKXp-bRY.mp3
Q2nZMKLI5xc,https://www.youtube.com/watch?v=Q2nZMKLI5xc,LA GRANDE COURSE AGONALE: CANDIDAT BR,8.65,success,Audios/Q2nZMKLI5xc.mp3
9Tv-uGE13fQ,https://www.youtube.com/watch?v=9Tv-uGE13fQ,LA GRANDE COURSE AGONALE: CANDIDAT PRD,8.6,success,Audios/9Tv-uGE13fQ.mp3
mpgSujabz5Q,https://www.youtube.com/watch?v=mpgSujabz5Q,LA GRANDE COURSE AGONALE: CANDIDAT UPAR,6.97,success,Audios/mpgSujabz5Q.mp3
yl10Y5xNu_E,https://www.youtube.com/watch?v=yl10Y5xNu_E,LA GRANDE COURSE AGONALE: CANDIDATE FEUX,11.1,success,Audios/yl10Y5xNu_E.mp3
Jy1abLA3eJs,https://www.youtube.com/watch?v=Jy1abLA3eJs,ELIFAZ - INFIDELITE DU CHEF DE FAMILLE,5.05,success,Audios/Jy1abLA3eJs.mp3
EoFyK2e-PP8,https://www.youtube.com/watch?v=EoFyK2e-PP8,LA GRANDE COURSE AGONALE: CANDIDAT ACRF,12.32,success,Audios/EoFyK2e-PP8.mp3
TY7eJgehq3E,https://www.youtube.com/watch?v=TY7eJgehq3E,LA GRANDE COURSE AGONALE: CANDIDAT GOLF,9.2,success,Audios/TY7eJgehq3E.mp3
2LQOCFYkCkw,https://www.youtube.com/watch?v=2LQOCFYkCkw,ELIFAZ - MA DOUDOU LA M√âLANGEUSE,5.72,success,Audios/2LQOCFYkCkw.mp3
a_NbrcbZhc4,https://www.youtube.com/watch?v=a_NbrcbZhc4,CONCOURS JEUNE TALENT AGONAL DE L'HUMOUR (CANDIDAT LE MORT),7.75,success,Audios/a_NbrcbZhc4.mp3
HD2VSJqk1Vk,https://www.youtube.com/watch?v=HD2VSJqk1Vk,N√âN√â L'INVERS√â ANNONCE SA VICTOIRE POUR LA GRANDE COURSE AGONALE,1.82,success,Audios/HD2VSJqk1Vk.mp3
txhwANJl634,https://www.youtube.com/watch?v=txhwANJl634,ELIFAZ - LE RETOUR AU BERCAIL,3.38,success,Audios/txhwANJl634.mp3
dUcTZGdT1kU,https://www.youtube.com/watch?v=dUcTZGdT1kU,LA GRANDE COURSE AGONALE (Extrait),9.4,success,Audios/dUcTZGdT1kU.mp3
chL1jZd1cbI,https://www.youtube.com/watch?v=chL1jZd1cbI,LA GRANDE COURSE AGONALE 2021 (Spectacle int√©gral),129.3,success,Audios/chL1jZd1cbI.mp3
rzf8rb_bm58,https://www.youtube.com/watch?v=rzf8rb_bm58,N√©n√© l'Invers√© se prononce sur les r√©sultats de LA GRANDE COURSE AGONALE 2021,2.28,success,Audios/rzf8rb_bm58.mp3
VIhk4cL0csk,https://www.youtube.com/watch?v=VIhk4cL0csk,ELIFAZ - LA FICHE DE RECONNAISSANCE DE GROSSESSE,3.6,success,Audios/VIhk4cL0csk.mp3
WcqMqyNOWxM,https://www.youtube.com/watch?v=WcqMqyNOWxM,ELIFAZ - OPPOSITION MOUVANCIERE,6.07,success,Audios/WcqMqyNOWxM.mp3
pfb6ARCTpXc,https://www.youtube.com/watch?v=pfb6ARCTpXc,ELIFAZ   REVENANTS CHERCHENT DES REVENUS,4.4,success,Audios/pfb6ARCTpXc.mp3
DNfuxh6ieq0,https://www.youtube.com/watch?v=DNfuxh6ieq0,LA GRANDE R√âUNION FAMILIALE 3 (ON EN PARLE),1.47,success,Audios/DNfuxh6ieq0.mp3
2vW2WytY9ns,https://www.youtube.com/watch?v=2vW2WytY9ns,ELIFAZ - A VENDRE,5.17,success,Audios/2vW2WytY9ns.mp3
5g5YNC0FLLU,https://www.youtube.com/watch?v=5g5YNC0FLLU,ZEYNAB - LA CONVOCATION,1.5,success,Audios/5g5YNC0FLLU.mp3
NL3WQCTWAgQ,https://www.youtube.com/watch?v=NL3WQCTWAgQ,Benin National Anthem (Instrumental),1.13,success,Audios/NL3WQCTWAgQ.mp3
fr7tPzItNk0,https://www.youtube.com/watch?v=fr7tPzItNk0,GRANDE REUNION FAMILIALE 3 (INTRODUCTION),10.55,success,Audios/fr7tPzItNk0.mp3
CbvwBprqMXY,https://www.youtube.com/watch?v=CbvwBprqMXY,LA GRANDE REUNION FAMILIALE (LE COWBOY),5.18,success,Audios/CbvwBprqMXY.mp3
7H5jnUwadRk,https://www.youtube.com/watch?v=7H5jnUwadRk,ELIFAZ - FOO BEBE LE BOUK,4.4,success,Audios/7H5jnUwadRk.mp3
6fOBINgOq0E,https://www.youtube.com/watch?v=6fOBINgOq0E,ELIFAZ - BRUIT DU SILENCE,4.68,success,Audios/6fOBINgOq0E.mp3
1B7ZKif-DnE,https://www.youtube.com/watch?v=1B7ZKif-DnE,TENDANCES ET COULEURS DRESSE LE LIT A NANNAN ROUGE et BEBE LE BOUK,15.08,success,Audios/1B7ZKif-DnE.mp3
YBdv_AHtHvM,https://www.youtube.com/watch?v=YBdv_AHtHvM,ELIFAZ - SCOFIELD OF KANSOUNKPA,3.55,success,Audios/YBdv_AHtHvM.mp3
Ueslzuf7kPs,https://www.youtube.com/watch?v=Ueslzuf7kPs,ELIFAZ - TMSR (Tout Mind√©kpo Sera Rendu),2.33,success,Audios/Ueslzuf7kPs.mp3
xiFKv82Udmo,https://www.youtube.com/watch?v=xiFKv82Udmo,ELIFAZ - LDEP (Le Dimanche En Panamera),3.12,success,Audios/xiFKv82Udmo.mp3
9axZhmB6Ssc,https://www.youtube.com/watch?v=9axZhmB6Ssc,ELIFAZ - MARIAGE SANS AMOUR,3.62,success,Audios/9axZhmB6Ssc.mp3
Y0BZmUV2BcU,https://www.youtube.com/watch?v=Y0BZmUV2BcU,Elifaz - MA DOUDOU,0.7,success,Audios/Y0BZmUV2BcU.mp3
BFJp7_rwWqU,https://www.youtube.com/watch?v=BFJp7_rwWqU,ELIFAZ - ETCHIK√î (Clip Vid√©o Officielle),2.72,success,Audios/BFJp7_rwWqU.mp3
zhdUtsSCFwU,https://www.youtube.com/watch?v=zhdUtsSCFwU,Elifaz - Alino M√©lom√©,4.32,success,Audios/zhdUtsSCFwU.mp3
LgMAZJ4rQOk,https://www.youtube.com/watch?v=LgMAZJ4rQOk,V≈ìux du Chef de Famille au Agonois 2022 (Humour),3.27,success,Audios/LgMAZJ4rQOk.mp3
vzfOY9c_u-s,https://www.youtube.com/watch?v=vzfOY9c_u-s,Elifaz - St PAPOUNI,5.13,success,Audios/vzfOY9c_u-s.mp3
3Z6l8sVPLhQ,https://www.youtube.com/watch?v=3Z6l8sVPLhQ,Elifaz - Code Promo,4.13,success,Audios/3Z6l8sVPLhQ.mp3
4ULBrT4IWL4,https://www.youtube.com/watch?v=4ULBrT4IWL4,Elifaz - Anniversaire du Chef,5.78,success,Audios/4ULBrT4IWL4.mp3
X0Q7rzTTYTk,https://www.youtube.com/watch?v=X0Q7rzTTYTk,Premi√®re invitation pour la Grande R√©union Familiale 4: NANNAN ROUGE,1.8,success,Audios/X0Q7rzTTYTk.mp3
V---Gm9K7C8,https://www.youtube.com/watch?v=V---Gm9K7C8,LAJAGUAR sera √† la Grande R√©union Familiale du Samedi 6 Ao√ªt 2022 au Palais des Congr√®s de Cotonou,0.38,success,Audios/V---Gm9K7C8.mp3
Ap3biXAI2sQ,https://www.youtube.com/watch?v=Ap3biXAI2sQ,Le Grand 9 Samuel Eto'o s'invite √† La Grande R√©union Familiale 4,2.6,success,Audios/Ap3biXAI2sQ.mp3
AnOaoDXR9Ys,https://www.youtube.com/watch?v=AnOaoDXR9Ys,Mouss Le Somnif√®re,1.72,success,Audios/AnOaoDXR9Ys.mp3
f0VZimPFsQ4,https://www.youtube.com/watch?v=f0VZimPFsQ4,Elifaz - Mariage de Foo Balance,4.98,success,Audios/f0VZimPFsQ4.mp3
CryLv2xOpo8,https://www.youtube.com/watch?v=CryLv2xOpo8,Le R√©p√©titeur,1.95,success,Audios/CryLv2xOpo8.mp3
imdG4ZBaMGI,https://www.youtube.com/watch?v=imdG4ZBaMGI,Elifaz - Prison Break √† MAGA HOUSE (Extrait Grande R√©union Familiale 4),4.6,success,Audios/imdG4ZBaMGI.mp3
VCWmXWukFZ8,https://www.youtube.com/watch?v=VCWmXWukFZ8,Elifaz - No Nannan Don't Cry (Humour),5.12,success,Audios/VCWmXWukFZ8.mp3
kIqxhm63mTA,https://www.youtube.com/watch?v=kIqxhm63mTA,Elifaz - Gayman (Humour),5.33,success,Audios/kIqxhm63mTA.mp3
8BzP1DLNtzE,https://www.youtube.com/watch?v=8BzP1DLNtzE,√äTES-VOUS PR√äTS?,1.32,success,Audios/8BzP1DLNtzE.mp3
QVWo3urv3BQ,https://www.youtube.com/watch?v=QVWo3urv3BQ,Elifaz feat Paper Mouchor - GLOIRE A DIEU,2.62,success,Audios/QVWo3urv3BQ.mp3
cjB_CfqAO2I,https://www.youtube.com/watch?v=cjB_CfqAO2I,Elifaz - Bon Anniversaire,6.07,success,Audios/cjB_CfqAO2I.mp3
dcrnWA7ANEM,https://www.youtube.com/watch?v=dcrnWA7ANEM,RUMBA COLTAN  : DOCUMENTAIRE SUR LA RUMBA CONGOLAISE,50.95,success,Audios/dcrnWA7ANEM.mp3
UtMQ7jGr6NI,https://www.youtube.com/watch?v=UtMQ7jGr6NI,Un Coq dans la Basse Cour (Extrait),2.48,success,Audios/UtMQ7jGr6NI.mp3
1veIKty5rOk,https://www.youtube.com/watch?v=1veIKty5rOk,Elifaz - Cuisine (Sous-titrage fran√ßais),4.4,success,Audios/1veIKty5rOk.mp3
xIpZsc0e4WU,https://www.youtube.com/watch?v=xIpZsc0e4WU,La Grande R√©union Familiale 4 (Version int√©grale),67.88,success,Audios/xIpZsc0e4WU.mp3
Hnfk_k7GiFQ,https://www.youtube.com/watch?v=Hnfk_k7GiFQ,Elifaz - Visite de courtoisie (Humour),4.6,success,Audios/Hnfk_k7GiFQ.mp3
wvcQXmeKd1Q,https://www.youtube.com/watch?v=wvcQXmeKd1Q,Elifaz - L'appel (Humour),6.85,success,Audios/wvcQXmeKd1Q.mp3
uIn_Bi_pM8w,https://www.youtube.com/watch?v=uIn_Bi_pM8w,Paper Mouchor dans GLOIRE A DIEU (Version Live √† la Grande R√©union Familiale),3.43,success,Audios/uIn_Bi_pM8w.mp3
qUIU_5VCnKY,https://www.youtube.com/watch?v=qUIU_5VCnKY,Elifaz - 0 de retenu,4.07,success,Audios/qUIU_5VCnKY.mp3
2wQeWsfCnCE,https://www.youtube.com/watch?v=2wQeWsfCnCE,Elifaz - La recharge (Humour),3.03,success,Audios/2wQeWsfCnCE.mp3
dcCiiuiGHAU,https://www.youtube.com/watch?v=dcCiiuiGHAU,Elifaz - Heure de gloire (Humour),4.4,success,Audios/dcCiiuiGHAU.mp3
1MgVVtZYHyE,https://www.youtube.com/watch?v=1MgVVtZYHyE,Elifaz - Quand K√®mi Se Bat (Humour),6.23,success,Audios/1MgVVtZYHyE.mp3
x-niWqgAIZQ,https://www.youtube.com/watch?v=x-niWqgAIZQ,Elifaz - Anniversaire de musique (Humour),4.42,success,Audios/x-niWqgAIZQ.mp3
PwAD6e-K5uM,https://www.youtube.com/watch?v=PwAD6e-K5uM,"""UN COQ DANS LA BASSE COUR"" s'invite dans la programmation du Festival La Grande R√©union Familiale",2.1,success,Audios/PwAD6e-K5uM.mp3
JRAK3H4bQ60,https://www.youtube.com/watch?v=JRAK3H4bQ60,Elifaz - Gogo Days (Extrait de La Grande R√©union Familiale 6),2.27,success,Audios/JRAK3H4bQ60.mp3
Wpa2JbjupM8,https://www.youtube.com/watch?v=Wpa2JbjupM8,Elifaz - H√™vioxo Man MAn (Humour),6.35,success,Audios/Wpa2JbjupM8.mp3
MbodQUiN-bA,https://www.youtube.com/watch?v=MbodQUiN-bA,Elifaz - K√®mi et Les Dealers (Humour),5.73,success,Audios/MbodQUiN-bA.mp3
natUPLXVv8k,https://www.youtube.com/watch?v=natUPLXVv8k,Elifaz - Le F√¢ (Humour),2.68,success,Audios/natUPLXVv8k.mp3
kXPGElJnml4,https://www.youtube.com/watch?v=kXPGElJnml4,Elifaz - Pop Cornüçø (Humour),4.9,success,Audios/kXPGElJnml4.mp3
XSGxuESqoFs,https://www.youtube.com/watch?v=XSGxuESqoFs,Elifaz - Le Dernier Anniversaire (Humour),6.32,success,Audios/XSGxuESqoFs.mp3
v_9AXhk--8Y,https://www.youtube.com/watch?v=v_9AXhk--8Y,"[Replay] Nyon√∫x√≥ N¬∞91 : ""Un couple peut il travailler dans le m√™me service""",52.02,success,Audios/v_9AXhk--8Y.mp3
-rgEvWd0oX0,https://www.youtube.com/watch?v=-rgEvWd0oX0,"[Replay] Nyon√∫x√≥ N¬∞90 : ""Pourquoi les hommes mari√©s ne restent ils pas √† la maison""",49.88,success,Audios/-rgEvWd0oX0.mp3
H8sJ7eFzbRg,https://www.youtube.com/watch?v=H8sJ7eFzbRg,"[Replay] Nyon√∫x√≥ N¬∞89 : ""Jalousie dans le couple""",46.78,success,Audios/H8sJ7eFzbRg.mp3
M1o6fp6vJKo,https://www.youtube.com/watch?v=M1o6fp6vJKo,"[Replay] Nyon√∫x√≥ N¬∞88 : ""Peut on √©pouser une femme plus √¢g√©e que soit ?""",54.0,success,Audios/M1o6fp6vJKo.mp3
9DJRSLzyGoY,https://www.youtube.com/watch?v=9DJRSLzyGoY,"[Replay] Nyon√∫x√≥ N¬∞87 : ""Les bonnes qui deviennent des co√©pouses""",52.05,success,Audios/9DJRSLzyGoY.mp3
gPOK3kOmwbQ,https://www.youtube.com/watch?v=gPOK3kOmwbQ,"[Replay] Nyon√∫x√≥ N¬∞86 : ""Divorce et garde des enfants""",57.28,success,Audios/gPOK3kOmwbQ.mp3
DOX-r6-rwhQ,https://www.youtube.com/watch?v=DOX-r6-rwhQ,"[Replay] Nyon√∫x√≥ N¬∞85 : ""Pourquoi tant d'infid√©lit√© dans le couple""",49.65,success,Audios/DOX-r6-rwhQ.mp3
z1YTnowDUWY,https://www.youtube.com/watch?v=z1YTnowDUWY,"[Replay] Nyon√∫x√≥ N¬∞84 : ""Les r√©seaux sociaux""",54.52,success,Audios/z1YTnowDUWY.mp3
pb2urwj4io0,https://www.youtube.com/watch?v=pb2urwj4io0,"[Replay] Nyon√∫x√≥ N¬∞83 : ""H√©ritage de la femme""",56.87,success,Audios/pb2urwj4io0.mp3
S7CxBaIqUYQ,https://www.youtube.com/watch?v=S7CxBaIqUYQ,"[Replay] Nyon√∫x√≥ N¬∞82 : ""Fr√©quentations d'une femme mari√©e""",57.5,success,Audios/S7CxBaIqUYQ.mp3
WYfwvVabfbU,https://www.youtube.com/watch?v=WYfwvVabfbU,"[Replay] Nyon√∫x√≥ N¬∞81 : ""Sortie de b√©b√©""",57.32,success,Audios/WYfwvVabfbU.mp3
ph4hKBpgAmQ,https://www.youtube.com/watch?v=ph4hKBpgAmQ,"[Replay] Nyon√∫x√≥ N¬∞80 : ""La question de la r√©conciliation d√©battue""",57.92,success,Audios/ph4hKBpgAmQ.mp3
4KBoDWrdycc,https://www.youtube.com/watch?v=4KBoDWrdycc,"[Replay] Nyon√∫x√≥ N¬∞79 : ""La question du bain du b√©b√© d√©battue""",54.07,success,Audios/4KBoDWrdycc.mp3
PIzy0rMGM6w,https://www.youtube.com/watch?v=PIzy0rMGM6w,"[Replay] Nyon√∫x√≥ N¬∞78 : ""La rancune dans le couple""",52.32,success,Audios/PIzy0rMGM6w.mp3
nbJsBT3uHuU,https://www.youtube.com/watch?v=nbJsBT3uHuU,"[Replay] Nyon√∫x√≥ N¬∞77 : ""La question de la nudit√© de la femme d√©battue""",53.1,success,Audios/nbJsBT3uHuU.mp3
woi_JIVHogU,https://www.youtube.com/watch?v=woi_JIVHogU,"[Replay] Nyon√∫x√≥ N¬∞76 : ""La question de l'insatisfaction sexuelle dans le couple""",58.53,success,Audios/woi_JIVHogU.mp3
mfwe092pE6A,https://www.youtube.com/watch?v=mfwe092pE6A,"Nyon√∫x√≥ N¬∞75 : ""Le divorce : causes et cons√©quences""",59.5,success,Audios/mfwe092pE6A.mp3
aWmc6ayYTtw,https://www.youtube.com/watch?v=aWmc6ayYTtw,"[Replay] Nyon√∫x√≥ N¬∞74 : ""En couple, toute v√©rit√© est-elle bonne √† dire ?""",59.83,success,Audios/aWmc6ayYTtw.mp3
05tMHFXI2oI,https://www.youtube.com/watch?v=05tMHFXI2oI,"[Replay] Nyon√∫x√≥ N¬∞73 : ""Le sexe avant le mariage en d√©bats""",56.53,success,Audios/05tMHFXI2oI.mp3
gYk1r9tSxsc,https://www.youtube.com/watch?v=gYk1r9tSxsc,"[Replay] Nyon√∫x√≥ N¬∞72 : ""Comment choisir son/sa conjoint.e ?""",56.95,success,Audios/gYk1r9tSxsc.mp3
WmVacqj4wqQ,https://www.youtube.com/watch?v=WmVacqj4wqQ,"[Replay] Nyon√∫x√≥ N¬∞71 : ""La cybercriminalit√©""",59.18,success,Audios/WmVacqj4wqQ.mp3
QCL-LaVzrOo,https://www.youtube.com/watch?v=QCL-LaVzrOo,"[Replay] Nyon√∫x√≥ N¬∞70 : ""Accessoires de beaut√© : les perles √† la taille""",59.95,success,Audios/QCL-LaVzrOo.mp3
jbNcSaVKnD8,https://www.youtube.com/watch?v=jbNcSaVKnD8,"[Replay] Nyon√∫x√≥ N¬∞69 : ""Comment bien pr√©parer la jeune fille pour le mariage ?""",57.03,success,Audios/jbNcSaVKnD8.mp3
D3UxZUSy540,https://www.youtube.com/watch?v=D3UxZUSy540,"[Replay] Nyon√∫x√≥ N¬∞68 : ""Les mal√©dictions dans le couple""",59.42,success,Audios/D3UxZUSy540.mp3
SMFGP1PopqA,https://www.youtube.com/watch?v=SMFGP1PopqA,"[Replay] Nyon√∫x√≥ N¬∞67 : ""Le r√©gime de la communaut√© de biens en questions ?""",59.42,success,Audios/SMFGP1PopqA.mp3
ofcOzF0Yyms,https://www.youtube.com/watch?v=ofcOzF0Yyms,"[Replay] Nyon√∫x√≥ N¬∞66 : ""Comment effectuer le choix du domicile conjugal ?""",56.02,success,Audios/ofcOzF0Yyms.mp3
XnmPggztyb4,https://www.youtube.com/watch?v=XnmPggztyb4,"[Replay] ""Nyon√∫x√≥"" N¬∞65 : Ces choses qui tuent l'amour dans le couple",55.32,success,Audios/XnmPggztyb4.mp3
KncgRprCHrU,https://www.youtube.com/watch?v=KncgRprCHrU,"[Replay] Nyon√∫x√≥ N¬∞64 : ""Le mariage : quel √¢ge id√©al pour s'engager ?""",58.3,success,Audios/KncgRprCHrU.mp3
DrhA8yOnnfw,https://www.youtube.com/watch?v=DrhA8yOnnfw,"[Replay] Nyon√∫x√≥ N¬∞63 : ""Le mariage inter-religieux : une r√©alit√© qui fait d√©bat""",58.35,success,Audios/DrhA8yOnnfw.mp3
zcmBrGb7Zlo,https://www.youtube.com/watch?v=zcmBrGb7Zlo,"[Replay] Nyon√∫x√≥ N¬∞62 : ""L'hygi√®ne menstruelle en question""",58.05,success,Audios/zcmBrGb7Zlo.mp3
jeC_F2Jr6Oo,https://www.youtube.com/watch?v=jeC_F2Jr6Oo,"[Replay] Nyon√∫x√≥ N¬∞61 : ""Le r√™ve de l'ext√©rieur √† tout prix""",56.98,success,Audios/jeC_F2Jr6Oo.mp3
WP73ZkPaqdo,https://www.youtube.com/watch?v=WP73ZkPaqdo,"[Replay] Nyon√∫x√≥ N¬∞60 : ""Quel int√©r√™t √† pr√©server sa virginit√© jusqu'au mariage ?""",58.43,success,Audios/WP73ZkPaqdo.mp3
5wnlyT8s5R0,https://www.youtube.com/watch?v=5wnlyT8s5R0,"[Replay] Nyon√∫x√≥ N¬∞57 : ""La soci√©t√© b√©ninoise face √† la question du viol sur mineur""",58.75,success,Audios/5wnlyT8s5R0.mp3
dBH4W0qSelo,https://www.youtube.com/watch?v=dBH4W0qSelo,"[Replay] Nyon√∫x√≥ N¬∞59 : ""Autour de la question des violences conjugales au B√©nin""",55.93,success,Audios/dBH4W0qSelo.mp3
09Ib_h8yhWM,https://www.youtube.com/watch?v=09Ib_h8yhWM,"[Replay] Nyon√∫x√≥ N¬∞56 : ""La gestion des d√©penses financi√®res dans le couple ?""",60.6,success,Audios/09Ib_h8yhWM.mp3
3x2w1T5UIKI,https://www.youtube.com/watch?v=3x2w1T5UIKI,"[Replay] Nyon√∫x√≥ N¬∞58 : ""La sexualit√© au sein du couple""",58.32,success,Audios/3x2w1T5UIKI.mp3
PoiSGWSx-EU,https://www.youtube.com/watch?v=PoiSGWSx-EU,"[Replay] Nyon√∫x√≥ N¬∞54 : ""La loi sur l'encadrement de l'IVG en R√©publique du B√©nin""",59.87,success,Audios/PoiSGWSx-EU.mp3
wJmhHfVUAD4,https://www.youtube.com/watch?v=wJmhHfVUAD4,"[Replay] Nyon√∫x√≥ N¬∞53 : ""Le secret en couple""",53.45,success,Audios/wJmhHfVUAD4.mp3
3ng9lpCJbok,https://www.youtube.com/watch?v=3ng9lpCJbok,"[Replay] Nyon√∫x√≥ N¬∞55 : ""Femme divorc√©e : comment se remettre en couple ?""",59.78,success,Audios/3ng9lpCJbok.mp3
UkUKHDPvQBM,https://www.youtube.com/watch?v=UkUKHDPvQBM,"[Replay] Nyon√∫x√≥ N¬∞52 : ""La prostate, un organe et ses pathologies""",60.32,success,Audios/UkUKHDPvQBM.mp3
hJi0vT0xyDQ,https://www.youtube.com/watch?v=hJi0vT0xyDQ,"[Replay] Nyon√∫x√≥ N¬∞51 : ""L'impuissance dans le couple en question""",63.57,success,Audios/hJi0vT0xyDQ.mp3
s8w8eUvqvvw,https://www.youtube.com/watch?v=s8w8eUvqvvw,"[Replay] Nyon√∫x√≥ N¬∞50 : ""Le planning familial et la tontine sexuelle""",58.52,success,Audios/s8w8eUvqvvw.mp3
w3OVSDIwOdE,https://www.youtube.com/watch?v=w3OVSDIwOdE,"[Replay] Nyon√∫x√≥ N¬∞49 : ""Comment aider les enfants √† passer des vacances saines ?""",59.47,success,Audios/w3OVSDIwOdE.mp3
-GH0ln-F2GI,https://www.youtube.com/watch?v=-GH0ln-F2GI,"[Replay] Nyon√∫x√≥ N¬∞48 : ""La reconnaissance de paternit√©""",59.73,success,Audios/-GH0ln-F2GI.mp3
jHBqqsLRVmE,https://www.youtube.com/watch?v=jHBqqsLRVmE,"[Replay] ""Nyonuxo"" N¬∞ 47 : Secrets de femmes",58.73,success,Audios/jHBqqsLRVmE.mp3
KyB4OG3jd9A,https://www.youtube.com/watch?v=KyB4OG3jd9A,"[Replay] Gnonouxo N¬∞46 : ""La dr√©panocytose""",53.52,success,Audios/KyB4OG3jd9A.mp3
aMjjwyvBGs0,https://www.youtube.com/watch?v=aMjjwyvBGs0,"[Replay] Gnonouxo N¬∞45 : ""Les loisirs au sein du couple""",59.27,success,Audios/aMjjwyvBGs0.mp3
p-KeH_dqZQE,https://www.youtube.com/watch?v=p-KeH_dqZQE,"[Replay] ""Nyonuxo"" N¬∞44 - Th√®me : ""L'inceste""",56.92,success,Audios/p-KeH_dqZQE.mp3
FqNcDPQS670,https://www.youtube.com/watch?v=FqNcDPQS670,"[Replay] ""Nyonuxo N¬∞ 43"" : Le minage de femmes",59.52,success,Audios/FqNcDPQS670.mp3
sI_qXmpYS6g,https://www.youtube.com/watch?v=sI_qXmpYS6g,[Replay] Nyonuxo N¬∞41 : Mariage et dr√©panocytose,62.47,success,Audios/sI_qXmpYS6g.mp3
0KC9-vgJS30,https://www.youtube.com/watch?v=0KC9-vgJS30,[Replay] Nyonuxo N¬∞41 : L'allaitement maternel et la sexualit√© de la femme,54.63,success,Audios/0KC9-vgJS30.mp3
liPlxIphH6E,https://www.youtube.com/watch?v=liPlxIphH6E,[Replay] Nyonuxo N¬∞40 : Le couple et la d√©claration de naissance,59.22,success,Audios/liPlxIphH6E.mp3
Wf8O2rFOg0I,https://www.youtube.com/watch?v=Wf8O2rFOg0I,[Replay] Nyonuxo N¬∞39 : La frigidit√© de la femme et l'harmonie du couple,61.57,success,Audios/Wf8O2rFOg0I.mp3
GekflpAzk7I,https://www.youtube.com/watch?v=GekflpAzk7I,"[Replay] ""Nyon√∫x√≥ N¬∫038"" : ""L'espacement des naissances""",57.53,success,Audios/GekflpAzk7I.mp3
llUtlfAijW4,https://www.youtube.com/watch?v=llUtlfAijW4,"[Replay] ""Nyon√∫x√≥ N¬∫037"" dont le th√®me est ""Faut-il r√©v√©ler ses revenus mensuels √† son conjoint ?""",56.37,success,Audios/llUtlfAijW4.mp3
lAOsAQJ0UiU,https://www.youtube.com/watch?v=lAOsAQJ0UiU,"[Replay] ""Nyon√∫x√≥ N¬∫036"" : ""Femme et m√©nopause""",57.83,success,Audios/lAOsAQJ0UiU.mp3
YsTCgXxLEn4,https://www.youtube.com/watch?v=YsTCgXxLEn4,"[Replay] ""Nyon√∫x√≥ N¬∫035"" : ""La s√©duction sexuelle dans le couple""",54.35,success,Audios/YsTCgXxLEn4.mp3
TxTclzXy0os,https://www.youtube.com/watch?v=TxTclzXy0os,"[Replay] ""Nyon√∫x√≥ N¬∫032"" : ""La Femme riche au foyer""",57.25,success,Audios/TxTclzXy0os.mp3
38t7GPQBL4E,https://www.youtube.com/watch?v=38t7GPQBL4E,"[Replay] ""Nyon√∫x√≥ N¬∫034"" : ""La faiblesse sexuelle dans le couple""",56.22,success,Audios/38t7GPQBL4E.mp3
VChppEvjkmg,https://www.youtube.com/watch?v=VChppEvjkmg,"[Replay] ""Nyon√∫x√≥ N¬∫033"" : ""Le pardon dans le couple""",57.58,success,Audios/VChppEvjkmg.mp3
BxwMbxRnYuw,https://www.youtube.com/watch?v=BxwMbxRnYuw,"[Replay] ""Nyon√∫x√≥ N¬∫031"" : ""Le sexe dans le foyer : performance ou source d'exploit""",58.47,success,Audios/BxwMbxRnYuw.mp3
ML-sJYy4ubg,https://www.youtube.com/watch?v=ML-sJYy4ubg,"[Replay] ""Nyon√∫x√≥ N¬∫030"" : ""Relations belle-fille et belle-m√®re""",57.1,success,Audios/ML-sJYy4ubg.mp3
HteKRk-YlfE,https://www.youtube.com/watch?v=HteKRk-YlfE,"[Replay] ""Nyon√∫x√≥ N¬∫029"" : ""Afolil√®""",56.53,success,Audios/HteKRk-YlfE.mp3
cKPurUd0Vfk,https://www.youtube.com/watch?v=cKPurUd0Vfk,"[Replay] ""Nyon√∫x√≥ N¬∞028"" : ""La protection des droits de l'enfant au sein de la famille""",57.3,success,Audios/cKPurUd0Vfk.mp3
M4pTkEjNdnU,https://www.youtube.com/watch?v=M4pTkEjNdnU,"[Replay] ""Nyon√∫x√≥ N¬∫027"" : ""Le coronavirus""",55.82,success,Audios/M4pTkEjNdnU.mp3
fU2VsWPE6m0,https://www.youtube.com/watch?v=fU2VsWPE6m0,"[Replay] ""Nyon√∫x√≥ N¬∫026"" : ""L'√©ducation sexuelle des enfants par les parents""",55.27,success,Audios/fU2VsWPE6m0.mp3
FvX7QPSxY0Y,https://www.youtube.com/watch?v=FvX7QPSxY0Y,"[Replay] ""Nyon√∫x√≥ N¬∫025"" : ""La dot""",56.3,success,Audios/FvX7QPSxY0Y.mp3
NE7krOFZqhY,https://www.youtube.com/watch?v=NE7krOFZqhY,"[Replay] ""Nyon√∫x√≥ N¬∫024"" : ""Le sexe dans le couple ?""",54.17,success,Audios/NE7krOFZqhY.mp3
SbF7rlmA7ec,https://www.youtube.com/watch?v=SbF7rlmA7ec,"[Replay] ""Nyon√∫x√≥ N¬∫023"" : ""Comment prot√©ger nos enfants ?""",58.47,success,Audios/SbF7rlmA7ec.mp3
4Bk9D7DdVGs,https://www.youtube.com/watch?v=4Bk9D7DdVGs,"[Replay] ""Nyon√∫x√≥ N¬∫022"" : ""La jalousie au sein du couple""",55.28,success,Audios/4Bk9D7DdVGs.mp3
rw8FaCN24Sk,https://www.youtube.com/watch?v=rw8FaCN24Sk,"[Replay] ""Nyon√∫x√≥ N¬∫021"" : ""La famille recompos√©e (Partie II)""",56.68,success,Audios/rw8FaCN24Sk.mp3
8dHy6QZUw7o,https://www.youtube.com/watch?v=8dHy6QZUw7o,"[Replay] ""Nyon√∫x√≥ N¬∫020"" : ""La famille recompos√©e""",55.03,success,Audios/8dHy6QZUw7o.mp3
0fDJJl8A-Z4,https://www.youtube.com/watch?v=0fDJJl8A-Z4,"[Replay] ""Nyon√∫x√≥ N¬∫019"" : ""Pourquoi tant d'infid√©lit√© dans le couple ?""",58.25,success,Audios/0fDJJl8A-Z4.mp3
pJoDadUfGXM,https://www.youtube.com/watch?v=pJoDadUfGXM,"[Replay] ""Nyon√∫x√≥ N¬∫018"" : ""Mourir en donnant la vie""",56.18,success,Audios/pJoDadUfGXM.mp3
p-JHqXQxXdY,https://www.youtube.com/watch?v=p-JHqXQxXdY,"[Replay] ""Nyon√∫x√≥ N¬∫017"" : ""Le cancer""",55.33,success,Audios/p-JHqXQxXdY.mp3
8LbzljnSUH4,https://www.youtube.com/watch?v=8LbzljnSUH4,"[Replay] ""Nyon√∫x√≥ N¬∫016"" : ""Le sexe en milieu scolaire""",54.4,success,Audios/8LbzljnSUH4.mp3
noCpqfBeW38,https://www.youtube.com/watch?v=noCpqfBeW38,"[Replay] ""Nyon√∫x√≥ N¬∫015"" : ""Apprentissages et vulgarisations de nos langues locales""",56.27,success,Audios/noCpqfBeW38.mp3
Lqc-eIhDAwU,https://www.youtube.com/watch?v=Lqc-eIhDAwU,"[Replay] ""Nyon√∫x√≥ N¬∫014"" : ""Pourquoi les hommes sont toujours dehors ?""",54.85,success,Audios/Lqc-eIhDAwU.mp3
Hl9Cf59QZdQ,https://www.youtube.com/watch?v=Hl9Cf59QZdQ,"[Replay] ""Nyon√∫x√≥ N¬∫013"" : ""De la confiance au sein du couple""",54.22,success,Audios/Hl9Cf59QZdQ.mp3
NuvtlVTqCZY,https://www.youtube.com/watch?v=NuvtlVTqCZY,"[Replay] ""Nyon√∫x√≥ N¬∫012"" : ""Les pr√©noms usuels""",54.6,success,Audios/NuvtlVTqCZY.mp3
knhTOEaZHTI,https://www.youtube.com/watch?v=knhTOEaZHTI,"[Replay] ""Nyon√∫x√≥ 011"" : ""Le calvaire des veuves""",49.15,success,Audios/knhTOEaZHTI.mp3
vNOFQVYV40I,https://www.youtube.com/watch?v=vNOFQVYV40I,"[Replay] ""Nyon√∫x√≥ 010"" : ""Mon foyer est devenu polygame parce que ma femme ne fait que des filles""",52.83,success,Audios/vNOFQVYV40I.mp3
8FGY-5yeWO8,https://www.youtube.com/watch?v=8FGY-5yeWO8,"[Replay] ""Nyon√∫x√≥ N¬∫009"" : ""Les fistules obst√©tricales""",54.7,success,Audios/8FGY-5yeWO8.mp3
ui9x2vPQhNY,https://www.youtube.com/watch?v=ui9x2vPQhNY,"[Replay] ""Nyon√∫x√≥ N¬∫008"" : ""Les valeurs √† transmettre aux jeunes filles avant le mariage""",54.22,success,Audios/ui9x2vPQhNY.mp3
7wTAkdken9o,https://www.youtube.com/watch?v=7wTAkdken9o,"[Replay] ""Nyon√∫x√≥ N¬∫007"" : ""La femme cheffe de m√©nage""",52.48,success,Audios/7wTAkdken9o.mp3
jdkqPGWuewI,https://www.youtube.com/watch?v=jdkqPGWuewI,"[Replay] ""Nyon√∫x√≥ N¬∫006"" : ""Des bonnes qui deviennent des √©pouses""",55.78,success,Audios/jdkqPGWuewI.mp3
-Z4xTZi537Q,https://www.youtube.com/watch?v=-Z4xTZi537Q,"[Replay] ""Nyon√∫x√≥ N¬∫005"" : ""De la st√©rilit√© dans le couple""",54.8,success,Audios/-Z4xTZi537Q.mp3
bg9oLFNcvtU,https://www.youtube.com/watch?v=bg9oLFNcvtU,"[Replay] ""Nyon√∫x√≥ N¬∫004"" : ""Mon mari me refuse de travailler""",52.23,success,Audios/bg9oLFNcvtU.mp3
OmqqXOA2B60,https://www.youtube.com/watch?v=OmqqXOA2B60,"[Replay] ""Nyon√∫x√≥ N¬∫003"" : ""Impact du t√©l√©phone portable dans le couple""",51.1,success,Audios/OmqqXOA2B60.mp3
x_Lg_TeCYzQ,https://www.youtube.com/watch?v=x_Lg_TeCYzQ,"[Replay] ""Nyon√∫x√≥ N¬∫002"" : ""Mysticisme culinaire""",50.47,success,Audios/x_Lg_TeCYzQ.mp3
SF9FaT-2fiU,https://www.youtube.com/watch?v=SF9FaT-2fiU,"[Replay] ""Nyon√∫x√≥ N¬∫001"" : ""Agissement des aide-m√©nag√®res""",52.17,success,Audios/SF9FaT-2fiU.mp3
c57Ov_4maGA,https://www.youtube.com/watch?v=c57Ov_4maGA,üî¥HOUIYODONOU du 17 Mars 2023,44.58,success,Audios/c57Ov_4maGA.mp3
RRckw4uE2oI,https://www.youtube.com/watch?v=RRckw4uE2oI,üî¥HOUIYODONOU du 21 Mars 2023,50.3,success,Audios/RRckw4uE2oI.mp3
6LQt2OfNcQ4,https://www.youtube.com/watch?v=6LQt2OfNcQ4,üî¥HOUIYODONOU du 22 Mars 2023,49.88,success,Audios/6LQt2OfNcQ4.mp3
fNIPOrtm5vQ,https://www.youtube.com/watch?v=fNIPOrtm5vQ,üî¥HOUIYODONOU du 23 Mars 2023,47.12,success,Audios/fNIPOrtm5vQ.mp3
_hDUcUI7QeA,https://www.youtube.com/watch?v=_hDUcUI7QeA,üî¥HOUIYODONOU du 29 Mars 2023,50.12,success,Audios/_hDUcUI7QeA.mp3
NidYoaKWPOQ,https://www.youtube.com/watch?v=NidYoaKWPOQ,üî¥HOUIYODONOU du 30 Mars 2023,42.92,success,Audios/NidYoaKWPOQ.mp3
0azACMnHgK0,https://www.youtube.com/watch?v=0azACMnHgK0,üî¥HOUIYODONOU du 31 Mars 2023,49.67,success,Audios/0azACMnHgK0.mp3
pEMyBmolkl0,https://www.youtube.com/watch?v=pEMyBmolkl0,üî¥HOUIYODONOU du 04 Avril  2023,49.93,success,Audios/pEMyBmolkl0.mp3
BfxIsQ6-3v0,https://www.youtube.com/watch?v=BfxIsQ6-3v0,üî¥ Le JT 19h  du 13  Avril  2023 avec  Th√©odule HOUNSA,31.02,success,Audios/BfxIsQ6-3v0.mp3
_OY9qsU-sYo,https://www.youtube.com/watch?v=_OY9qsU-sYo,üî¥HOUIYODONOU du 14 Avril  2023,45.8,success,Audios/_OY9qsU-sYo.mp3
oh5D3PrCC5g,https://www.youtube.com/watch?v=oh5D3PrCC5g,üî¥HOUIYODONOU du 17 Avril  2023,48.13,success,Audios/oh5D3PrCC5g.mp3
948VOBaibcM,https://www.youtube.com/watch?v=948VOBaibcM,üî¥HOUIYODONOU du 24 Avril  2023,41.9,success,Audios/948VOBaibcM.mp3
rREujtcAjJo,https://www.youtube.com/watch?v=rREujtcAjJo,üî¥HOUIYODONOU du 28 Avril  2023,50.93,success,Audios/rREujtcAjJo.mp3
SkZ9Qridpdk,https://www.youtube.com/watch?v=SkZ9Qridpdk,üî¥HOUIYODONOU du 1er Mai 2023,38.97,success,Audios/SkZ9Qridpdk.mp3
fLQqr-RF-_M,https://www.youtube.com/watch?v=fLQqr-RF-_M,üî¥HOUIYODONOU du 02 Mai 2023,39.05,success,Audios/fLQqr-RF-_M.mp3
gTLSRO0ssPU,https://www.youtube.com/watch?v=gTLSRO0ssPU,üî¥HOUIYODONOU du 03 Mai 2023,49.63,success,Audios/gTLSRO0ssPU.mp3
izIBSzEgaKw,https://www.youtube.com/watch?v=izIBSzEgaKw,üî¥HOUIYODONOU du 05 Mai 2023,40.93,success,Audios/izIBSzEgaKw.mp3
fs9j7yh12LY,https://www.youtube.com/watch?v=fs9j7yh12LY,üî¥HOUIYODONOU du 09 Mai 2023,50.57,success,Audios/fs9j7yh12LY.mp3
OoJFjMI3Vqc,https://www.youtube.com/watch?v=OoJFjMI3Vqc,üî¥HOUIYODONOU du 11 Mai 2023,49.37,success,Audios/OoJFjMI3Vqc.mp3
39Be-FRKPQI,https://www.youtube.com/watch?v=39Be-FRKPQI,üî¥HOUIYODONOU du 12  Mai 2023,50.42,success,Audios/39Be-FRKPQI.mp3
pjt2OzILltk,https://www.youtube.com/watch?v=pjt2OzILltk,üî¥HOUIYODONOU du 15 Mai 2023,48.42,success,Audios/pjt2OzILltk.mp3
E57pjS1p5hA,https://www.youtube.com/watch?v=E57pjS1p5hA,üî¥HOUIYODONOU du 17 Mai 2023,47.62,success,Audios/E57pjS1p5hA.mp3
Y48Ca5JF4kQ,https://www.youtube.com/watch?v=Y48Ca5JF4kQ,üî¥HOUIYODONOU du 18 Mai 2023,46.53,success,Audios/Y48Ca5JF4kQ.mp3
8cWfoRy34yU,https://www.youtube.com/watch?v=8cWfoRy34yU,üî¥HOUIYODONOU du 19  Mai 2023,20.38,success,Audios/8cWfoRy34yU.mp3
C8Bk94PgO8A,https://www.youtube.com/watch?v=C8Bk94PgO8A,üî¥HOUIYODONOU du 22 Mai 2023,37.35,success,Audios/C8Bk94PgO8A.mp3
Dx0-V1W1soo,https://www.youtube.com/watch?v=Dx0-V1W1soo,üî¥HOUIYODONOU du 23 Mai 2023,36.32,success,Audios/Dx0-V1W1soo.mp3
aNT9Unl8eJQ,https://www.youtube.com/watch?v=aNT9Unl8eJQ,üî¥HOUIYODONOU du 26 Mai 2023,45.35,success,Audios/aNT9Unl8eJQ.mp3
4Q2VkZoEsps,https://www.youtube.com/watch?v=4Q2VkZoEsps,üî¥ HOUIYODONOU DU 29 MAI 2023,50.05,success,Audios/4Q2VkZoEsps.mp3
sBd2UEuSFhA,https://www.youtube.com/watch?v=sBd2UEuSFhA,üî¥ HOUIYODONOU DU 30 MAI 2023,45.77,success,Audios/sBd2UEuSFhA.mp3
ZuFhhSRphVQ,https://www.youtube.com/watch?v=ZuFhhSRphVQ,üî¥ HOUIYODONOU DU 31 MAI 2023,49.02,success,Audios/ZuFhhSRphVQ.mp3
LqeHjHkzOj8,https://www.youtube.com/watch?v=LqeHjHkzOj8,üî¥HOUIYODONOU DU 01 JUIN 2023,49.63,success,Audios/LqeHjHkzOj8.mp3
bp6OEu_BMxM,https://www.youtube.com/watch?v=bp6OEu_BMxM,üî¥HOUIYODONOU DU 05 JUIN 2023,48.05,success,Audios/bp6OEu_BMxM.mp3
dgInplEiXwY,https://www.youtube.com/watch?v=dgInplEiXwY,üî¥HOUIYODONOU DU 06 JUIN 2023,51.7,success,Audios/dgInplEiXwY.mp3
IoWg2521KYQ,https://www.youtube.com/watch?v=IoWg2521KYQ,üî¥HOUIYODONOU DU 08 JUIN 2023,51.0,success,Audios/IoWg2521KYQ.mp3
4Lg38eDMrc0,https://www.youtube.com/watch?v=4Lg38eDMrc0,HOUIYODONOU DU 12 JUIN 2023,49.23,success,Audios/4Lg38eDMrc0.mp3
G1UPpt0wih8,https://www.youtube.com/watch?v=G1UPpt0wih8,üî¥HOUIYODONOU DU 13 JUIN 2023,41.9,success,Audios/G1UPpt0wih8.mp3
bzGcEPNCMtk,https://www.youtube.com/watch?v=bzGcEPNCMtk,üî¥HOUIYODONOU DU 14 JUIN 2023,6.53,success,Audios/bzGcEPNCMtk.mp3
B2gjF_eUcsw,https://www.youtube.com/watch?v=B2gjF_eUcsw,üî¥HOUIYODONOU DU 16 JUIN 2023,52.62,success,Audios/B2gjF_eUcsw.mp3
iWJl6z-eHbI,https://www.youtube.com/watch?v=iWJl6z-eHbI,üî¥HOUIYODONOU DU 20 JUIN 2023,49.12,success,Audios/iWJl6z-eHbI.mp3
rvlHMQlp68E,https://www.youtube.com/watch?v=rvlHMQlp68E,üî¥HOUIYODONOU DU 22 JUIN 2023,49.37,success,Audios/rvlHMQlp68E.mp3
TxMIGQ31nUM,https://www.youtube.com/watch?v=TxMIGQ31nUM,üî¥HOUIYODONOU DU 23 JUIN 2023,49.15,success,Audios/TxMIGQ31nUM.mp3
T-fHl4dkz34,https://www.youtube.com/watch?v=T-fHl4dkz34,üî¥HOUIYODONOU DU 26 JUIN 2023,45.47,success,Audios/T-fHl4dkz34.mp3
ZWFcOteGFI8,https://www.youtube.com/watch?v=ZWFcOteGFI8,üî¥HOUIYODONOU DU 27 JUIN 2023,47.88,success,Audios/ZWFcOteGFI8.mp3
s6yeVLWROMo,https://www.youtube.com/watch?v=s6yeVLWROMo,üî¥HOUIYODONOU DU 29 JUIN 2023,45.05,success,Audios/s6yeVLWROMo.mp3
L2Cz_r8clN8,https://www.youtube.com/watch?v=L2Cz_r8clN8,üî¥HOUIYODONOU DU 30 JUIN 2023,44.0,success,Audios/L2Cz_r8clN8.mp3
n__qNFbPJzQ,https://www.youtube.com/watch?v=n__qNFbPJzQ,üî¥HOUIYODONOU DU 05 JUILLET 2023,52.77,success,Audios/n__qNFbPJzQ.mp3
Kkke6bgdFaM,https://www.youtube.com/watch?v=Kkke6bgdFaM,üî¥HOUIYODONOU DU 07 JUILLET 2023,53.95,success,Audios/Kkke6bgdFaM.mp3
QREuupLj-rs,https://www.youtube.com/watch?v=QREuupLj-rs,üî¥HOUIYODONOU DU 10 JUILLET 2023,47.35,success,Audios/QREuupLj-rs.mp3
xdZAE4tC94o,https://www.youtube.com/watch?v=xdZAE4tC94o,üî¥HOUIYODONOU DU 11 JUILLET 2023,42.2,success,Audios/xdZAE4tC94o.mp3
t9avT112-Sc,https://www.youtube.com/watch?v=t9avT112-Sc,HOUIYODONOU DU 12 JUILLET 2023,34.7,success,Audios/t9avT112-Sc.mp3
5T6xkRLOST8,https://www.youtube.com/watch?v=5T6xkRLOST8,HOUIYODONOU DU 13 JUILLET 2023,48.98,success,Audios/5T6xkRLOST8.mp3
tRW2kNZbg90,https://www.youtube.com/watch?v=tRW2kNZbg90,HOUIYODONOU DU 14 JUILLET 2023,51.55,success,Audios/tRW2kNZbg90.mp3
6IwUeRsQQyk,https://www.youtube.com/watch?v=6IwUeRsQQyk,HOUIYODONOU du 17 juillet  2023,45.75,success,Audios/6IwUeRsQQyk.mp3
g4TJ0BTGNW8,https://www.youtube.com/watch?v=g4TJ0BTGNW8,HOUIYODONOU de ce 18 juillet  2023,49.72,success,Audios/g4TJ0BTGNW8.mp3
MbNl-q8eY8k,https://www.youtube.com/watch?v=MbNl-q8eY8k,üî¥HOUIYODONOU de ce 19 juillet  2023,50.2,success,Audios/MbNl-q8eY8k.mp3
nzqFRbBG_uI,https://www.youtube.com/watch?v=nzqFRbBG_uI,HOUIYODONOU DE CE 24 JUILLET 2023,48.68,success,Audios/nzqFRbBG_uI.mp3
Gf-JfVWchYA,https://www.youtube.com/watch?v=Gf-JfVWchYA,HOUIYODONOU DE CE 25 JUILLET 2023,50.87,success,Audios/Gf-JfVWchYA.mp3
DPMJFeZd-TI,https://www.youtube.com/watch?v=DPMJFeZd-TI,üî¥ HOUIYODONOU DE CE 26 JUILLET 2023,48.58,success,Audios/DPMJFeZd-TI.mp3
DhyhnCfGnyk,https://www.youtube.com/watch?v=DhyhnCfGnyk,HOUIYODONOU  de ce  28 juillet  2023,47.42,success,Audios/DhyhnCfGnyk.mp3
7K1s83ynJSA,https://www.youtube.com/watch?v=7K1s83ynJSA,HOUIYODONOU  de ce 31 juillet  2023,50.87,success,Audios/7K1s83ynJSA.mp3
2wJUX-MiJW0,https://www.youtube.com/watch?v=2wJUX-MiJW0,HOUIYODONOU  de ce 1er Ao√ªt  2023,53.0,success,Audios/2wJUX-MiJW0.mp3
B2L-ciAQL7k,https://www.youtube.com/watch?v=B2L-ciAQL7k,HOUIYODONOU de ce 02  Ao√ªt  2023,49.88,success,Audios/B2L-ciAQL7k.mp3
RhtAPTe89aE,https://www.youtube.com/watch?v=RhtAPTe89aE,HOUIYODONOU de ce 03  Ao√ªt  2023,46.65,success,Audios/RhtAPTe89aE.mp3
OsK49YqWLUs,https://www.youtube.com/watch?v=OsK49YqWLUs,HOUIYODONOU de ce 08 Ao√ªt  2023,48.1,success,Audios/OsK49YqWLUs.mp3
-QgJAgjQiE4,https://www.youtube.com/watch?v=-QgJAgjQiE4,üö® HOUIYODONOU de ce 09 Ao√ªt  2023,50.28,success,Audios/-QgJAgjQiE4.mp3
s6_JanNBh28,https://www.youtube.com/watch?v=s6_JanNBh28,HOUIYODONOU de ce 10 Ao√ªt 2023,50.07,success,Audios/s6_JanNBh28.mp3
lZ03E0Fe6QI,https://www.youtube.com/watch?v=lZ03E0Fe6QI,HOUIYODONOU de ce 11 Ao√ªt 2023,48.42,success,Audios/lZ03E0Fe6QI.mp3
2quPi4W8FqI,https://www.youtube.com/watch?v=2quPi4W8FqI,üö® HOUIYODONOU de ce 14  Ao√ªt 2023,50.47,success,Audios/2quPi4W8FqI.mp3
Bg6JfQdmHiY,https://www.youtube.com/watch?v=Bg6JfQdmHiY,üö® HOUIYODONOU de ce 15  Ao√ªt 2023,46.35,success,Audios/Bg6JfQdmHiY.mp3
qacMjAAqWCE,https://www.youtube.com/watch?v=qacMjAAqWCE,üö® HOUIYODONOU de ce 16  Ao√ªt 2023,50.7,success,Audios/qacMjAAqWCE.mp3
qeTPKoo05ds,https://www.youtube.com/watch?v=qeTPKoo05ds,üö® HOUIYODONOU de ce 17  Ao√ªt 2023,50.18,success,Audios/qeTPKoo05ds.mp3
WBK6JCkEl4o,https://www.youtube.com/watch?v=WBK6JCkEl4o,HOUIYODONOU de ce 18  Ao√ªt 2023,40.53,success,Audios/WBK6JCkEl4o.mp3
X-VCsYsGdQI,https://www.youtube.com/watch?v=X-VCsYsGdQI,HOUIYODONOU de ce 22  Ao√ªt 2023,54.15,success,Audios/X-VCsYsGdQI.mp3
6zIwLSyrrhE,https://www.youtube.com/watch?v=6zIwLSyrrhE,HOUIYODONOU de ce 23¬† Ao√ªt 2023,49.53,success,Audios/6zIwLSyrrhE.mp3
wQMikQTctjY,https://www.youtube.com/watch?v=wQMikQTctjY,HOUIYODONOU  de ce 24  Ao√ªt 2023,48.4,success,Audios/wQMikQTctjY.mp3
rI_10pLN1MU,https://www.youtube.com/watch?v=rI_10pLN1MU,HOUIYODONOU de ce 25  Ao√ªt 2023,49.27,success,Audios/rI_10pLN1MU.mp3
1h71duARVHM,https://www.youtube.com/watch?v=1h71duARVHM,üö® HOUIYODONOU de ce 29 Ao√ªt 2023,33.38,success,Audios/1h71duARVHM.mp3
IhVNrn08ewM,https://www.youtube.com/watch?v=IhVNrn08ewM,üö® HOUIYODONOU de ce 30 Ao√ªt 2023,49.57,success,Audios/IhVNrn08ewM.mp3
ZZDHJp7XDZk,https://www.youtube.com/watch?v=ZZDHJp7XDZk,üö® HOUIYODONOU de ce 1·µâ ≥ septembre 2023,49.15,success,Audios/ZZDHJp7XDZk.mp3
tOxWVWQbmY8,https://www.youtube.com/watch?v=tOxWVWQbmY8,üö® HOUIYODONOU de ce 21 septembre 2023,52.27,success,Audios/tOxWVWQbmY8.mp3
UV1dYffaZs8,https://www.youtube.com/watch?v=UV1dYffaZs8,HOUIYODONOU de ce 22 septembre 2023,44.67,success,Audios/UV1dYffaZs8.mp3
q3cxFuan7Fk,https://www.youtube.com/watch?v=q3cxFuan7Fk,üö® HOUIYODONOU  de ce 25  septembre 2023,51.05,success,Audios/q3cxFuan7Fk.mp3
Z10c4-P0_T0,https://www.youtube.com/watch?v=Z10c4-P0_T0,üö®HOUIYODONOU de ce 26 septembre 2023,49.88,success,Audios/Z10c4-P0_T0.mp3
iEk3blw0NCA,https://www.youtube.com/watch?v=iEk3blw0NCA,üö® HOUIYODONOU de ce 27 septembre 2023,51.63,success,Audios/iEk3blw0NCA.mp3
rB_CaTAoG1o,https://www.youtube.com/watch?v=rB_CaTAoG1o,üö® HOUIYODONOU de ce 28 septembre 2023,51.27,success,Audios/rB_CaTAoG1o.mp3
psHKVQFoSs8,https://www.youtube.com/watch?v=psHKVQFoSs8,üö® HOUIYODONOU de ce 29 septembre 2023,51.55,success,Audios/psHKVQFoSs8.mp3
